Actividad de Consumo;Canal;CEDI;Código Cuenta Clave;Cuenta Clave;Cliente;Código Cliente;Código CUIT;Código Domicilio;Código Número;Código Postal;Código Territorio;Jefe Desarrollador;Latitud;Longitud;Lista de Precios;Outnum;Pack-Local;Sub-Canal;Tamaño de Cliente;Territorio;Zona
GROCERY SHOPPING;HIPERMERCADO;Planta Tucumán;001534;LIBERTAD;LIBERTAD S A;3100003125091;30612929455;AVDA ROCA;3450;40000;03;GALLARDO, IVAN ANDRES;-26,834322;-65,252647;310037;3125091;SUPER & HIPER;HIPERMERCADOS;;Tucumán;Argentina Sur
GROCERY SHOPPING;HIPERMERCADO;Planta Tucumán;001534;LIBERTAD;LIBERTAD S A;3100003125092;30612929455;DIAG 51/22;S/N;40000;03;GALLARDO, IVAN ANDRES;-26,795383;-65,208952;310037;3125092;SUPER & HIPER;HIPERMERCADOS;;Tucumán;Argentina Sur
GROCERY SHOPPING;HIPERMERCADO;Planta Tucumán;001534;LIBERTAD;LIBERTAD S A;3100003135228;30612929455;AVDA ROCA B°EJ.ARGENTINO;3450;40000;03;GALLARDO, IVAN ANDRES;-26,834322;-65,252647;310037;3135228;SUPER & HIPER;HIPERMERCADOS;;Tucumán;Argentina Sur
GROCERY SHOPPING;HIPERMERCADO;Planta Tucumán;001534;LIBERTAD;LIBERTAD S A;3100003135229;30612929455;DIAG 51/22;S/N;40000;03;GALLARDO, IVAN ANDRES;-26,795383;-65,208952;310037;3135229;SUPER & HIPER;HIPERMERCADOS;;Tucumán;Argentina Sur
GROCERY SHOPPING;HIPERMERCADO;Planta Tucumán;004947;WAL*MART                     1;DORINKA S.R.L.;3100003125038;30678138300;AVDA CAMINO DEL PERU;950;40000;03;GALLARDO, IVAN ANDRES;-26,800721;-65,260026;310038;3125038;SUPER & HIPER;HIPERMERCADOS;;Tucumán;Argentina Sur
GROCERY SHOPPING;HIPERMERCADO;Planta Tucumán;004947;WAL*MART                     1;DORINKA S.R.L.;3100003125039;30678138300;GUATEMALA ESQ SAN MARTIN;;41090;03;GALLARDO, IVAN ANDRES;-26,837592;-65,169107;310038;3125039;SUPER & HIPER;HIPERMERCADOS;;Tucumán;Argentina Sur
GROCERY SHOPPING;HIPERMERCADO;Planta Tucumán;004947;WAL*MART                     1;DORINKA S.R.L.;3100003125065;30678138300;JUJUY;2750;40000;03;GALLARDO, IVAN ANDRES;-26,866457;-65,22117;310038;3125065;SUPER & HIPER;HIPERMERCADOS;;Tucumán;Argentina Sur
GROCERY SHOPPING;HIPERMERCADO;Planta Tucumán;004947;WAL*MART                     1;DORINKA S.R.L.;3100003125070;30678138300;AV EJERCITO DEL NORTE;2325;40000;03;GALLARDO, IVAN ANDRES;-26,794784;-65,223981;310038;3125070;SUPER & HIPER;HIPERMERCADOS;;Tucumán;Argentina Sur
GROCERY SHOPPING;HIPERMERCADO;Sucursal Concepción;001238;VEA                          1;CENCOSUD S A                 ;3200003297302;30590360763;RIVADAVIA;740;41580;03;FARA, MIGUEL GUSTAVO;0;-65,620495;320031;3297302;SUPER & HIPER;HIPERMERCADOS;;Tucumán;Argentina Sur
GROCERY SHOPPING;HIPERMERCADO;Sucursal Concepción;004947;WAL*MART                     1;DORINKA S.R.L.;3200003282781;30678138300;AV. GUEMES;S/N;41460;03;FARA, MIGUEL GUSTAVO;-27,350405;-65,588892;320038;3282781;SUPER & HIPER;HIPERMERCADOS;;Tucumán;Argentina Sur
GROCERY SHOPPING;HIPERMERCADO;Sucursal Corrientes;004073;CARREFOUR                    1;INC SOCIEDAD ANONIMA;3000003015311;30687310434;AVDA PEDRO FERRE;2981;34000;09;ESCOBAR JAVIER;-27,477715;-58,819573;910036;3015311;SUPER & HIPER;HIPERMERCADOS;;Corrientes;Argentina Este
GROCERY SHOPPING;HIPERMERCADO;Sucursal Corrientes;004947;WAL*MART                     1;DORINKA S.R.L.;3000003016202;30678138300;AVDA CENTENARIO;3550;34000;09;ESCOBAR JAVIER;-27,481183;-58,767009;910038;3016202;SUPER & HIPER;HIPERMERCADOS;;Corrientes;Argentina Este
GROCERY SHOPPING;HIPERMERCADO;Sucursal Corrientes;004947;WAL*MART                     1;DORINKA S.R.L.;3000003020452;30678138300;AV MAIPU Y LOS CONDORES;S/N;34000;09;ESCOBAR JAVIER;-27,499991;-58,814077;910038;3020452;SUPER & HIPER;HIPERMERCADOS;;Corrientes;Argentina Este
GROCERY SHOPPING;HIPERMERCADO;Sucursal Goya;004947;WAL*MART                     1;DORINKA S.R.L.;9200003020346;30678138300;AV SARMIENTO Y SOTO;S/N;03450;09;RIQUELME NATALIA;-29,154935;-59,272138;920038;3020346;SUPER & HIPER;HIPERMERCADOS;;Corrientes;Argentina Este
GROCERY SHOPPING;HIPERMERCADO;Sucursal Posadas;001534;LIBERTAD;LIBERTAD S A;4000004013000;30612929455;AV QUARANTA;3598;33000;10;SERFATY GUSTAVO;-27,40126;-55,916003;970037;4013000;SUPER & HIPER;HIPERMERCADOS;;Misiones;Argentina Este
GROCERY SHOPPING;HIPERMERCADO;Sucursal Posadas;001534;LIBERTAD;LIBERTAD S A;4000004033382;30612929455;AV URUGUAY;5893;33000;10;SERFATY GUSTAVO;-27,401897;-55,902265;970037;4033382;SUPER & HIPER;HIPERMERCADOS;;Misiones;Argentina Este
GROCERY SHOPPING;HIPERMERCADO;Sucursal Resistencia;001534;LIBERTAD;LIBERTAD S A;2000002004524;30612929455;AV. SABIN RTA AVELLANEDA;0;35000;08;FARIAS JUAN(SELF);-27,413483;-58,967977;810037;2004524;SUPER & HIPER;HIPERMERCADOS;;Chaco;Argentina Este
GROCERY SHOPPING;HIPERMERCADO;Sucursal Resistencia;004947;WAL*MART                     1;DORINKA S.R.L.;2000002000441;30678138300;AVDA MARCONI Y RUTA 11;0;35000;08;FARIAS JUAN(SELF);-27,445259;-59,021648;810038;2000441;SUPER & HIPER;HIPERMERCADOS;;Chaco;Argentina Este
GROCERY SHOPPING;HIPERMERCADO;Sucursal Santiago del Estero;001238;VEA                          1;CENCOSUD S A                 ;4100004126270;30590360763;AVDA RIVADAVIA Y EJERCITO;;42000;04;GARNICA PIRRO HUMBERTO;-27,777773;-64,258484;410031;4126270;SUPER & HIPER;HIPERMERCADOS;;Santiago;Argentina Norte
GROCERY SHOPPING;HIPERMERCADO;Sucursal Santiago del Estero;001238;VEA                          1;CENCOSUD S A                 ;4100004126280;30590360763;AVDA BELGRANO;;42000;04;GARNICA PIRRO HUMBERTO;-27,788812;-64,261652;410031;4126280;SUPER & HIPER;HIPERMERCADOS;;Santiago;Argentina Norte
GROCERY SHOPPING;HIPERMERCADO;Sucursal Santiago del Estero;001238;VEA                          1;CENCOSUD S A                 ;4100004126290;30590360763;25 DE MAYO Y CHACABUCO;;43000;04;GARNICA PIRRO HUMBERTO;-27,730067;-64,243553;410031;4126290;SUPER & HIPER;HIPERMERCADOS;;Santiago;Argentina Norte
GROCERY SHOPPING;HIPERMERCADO;Sucursal Santiago del Estero;001534;LIBERTAD;LIBERTAD S A;4100004104041;30612929455;AU TTE GRAL JUAN DOMINGO;110;43000;04;GARNICA PIRRO HUMBERTO;-27,767247;-64,25133;410037;4104041;SUPER & HIPER;HIPERMERCADOS;;Santiago;Argentina Norte
GROCERY SHOPPING;HIPERMERCADO;Sucursal Santiago del Estero;001534;LIBERTAD;LIBERTAD S A;4100004129834;30612929455;AU TTE GRAL JUAN DOMINGO;110;43000;04;GARNICA PIRRO HUMBERTO;-27,767247;-64,25133;410037;4129834;SUPER & HIPER;HIPERMERCADOS;;Santiago;Argentina Norte
GROCERY SHOPPING;HIPERMERCADO;Sucursal Santiago del Estero;004947;WAL*MART                     1;DORINKA S.R.L.;4100004202399;30678138300;AV BELGRANO (S)2663 ESQ S;;42000;04;GARNICA PIRRO HUMBERTO;-27,809808;-64,249938;410038;4202399;SUPER & HIPER;HIPERMERCADOS;;Santiago;Argentina Norte
GROCERY SHOPPING;HIPERMERCADO;Sucursal Santiago del Estero;004947;WAL*MART                     1;DORINKA S.R.L.;4100004206238;30678138300;ING CONTRERAS Y COLECTORA;;42000;04;GARNICA PIRRO HUMBERTO;-27,842348;-64,262498;410038;4206238;SUPER & HIPER;HIPERMERCADOS;;Santiago;Argentina Norte
GROCERY SHOPPING;SUPERMERCADO;Cross Dock Curuzú Cuatiá;098760;DIA %                        1;DIA ARGENTINA S A;9300003018809;30685849751;RIVADAVIA;646;34000;09;ZALAZAR RODRIGO;-29,791115;-58,055107;930034;3018809;SUPER & HIPER;SUPERMERCADOS INDEPENDIENTE;;Corrientes;Argentina Este
GROCERY SHOPPING;SUPERMERCADO;Cross Dock Curuzú Cuatiá;098760;DIA %                        1;DIA ARGENTINA S A;9300003301497;30685849751;PUERTO SAN JULIAN ESQ.URU;;03460;09;ZALAZAR RODRIGO;-29,790898;-58,05514;930034;3301497;SUPER & HIPER;SUPERMERCADOS INDEPENDIENTE;;Corrientes;Argentina Este
GROCERY SHOPPING;SUPERMERCADO;Cross Dock Mercedes;098760;DIA %                        1;DIA ARGENTINA S A;9300003020487;30685849751;SAN MARTIN;1240;34000;09;ZALAZAR RODRIGO;-29,182948;-58,079455;930034;3020487;SUPER & HIPER;SUPERMERCADOS INDEPENDIENTE;;Corrientes;Argentina Este
GROCERY SHOPPING;SUPERMERCADO;Cross Dock Mercedes;098760;DIA %                        1;DIA ARGENTINA S A;9300003425508;30685849751;SAN MARTIN;2300;34000;09;ZALAZAR RODRIGO;-29,180272;-58,092842;930034;3425508;SUPER & HIPER;SUPERMERCADOS INDEPENDIENTE;;Corrientes;Argentina Este
GROCERY SHOPPING;SUPERMERCADO;Cross Dock Paso de los Libres;098760;DIA %                        1;DIA ARGENTINA S A;9300003400217;30685849751;COLON;960;03230;09;CORRO DANIEL;-29,7153;-57,084572;930034;3400217;SUPER & HIPER;SUPERMERCADOS INDEPENDIENTE;;Corrientes;Argentina Este
GROCERY SHOPPING;SUPERMERCADO;Planta Salta;001238;VEA                          1;CENCOSUD S A;1100001158948;30590360763;MITRE;415;44000;01;AUTINO, SILVIA VALERIA;-24,78441;-65,41094;110031;1158948;SUPER & HIPER;SUPERMERCADOS DE CADENA;;Salta;Argentina Norte
GROCERY SHOPPING;SUPERMERCADO;Planta Salta;001238;VEA                          1;CENCOSUD S A;1100001158949;30590360763;AVDA REYES CATOLICOS;1480;44000;01;AUTINO, SILVIA VALERIA;-24,771563;-65,397702;110031;1158949;SUPER & HIPER;SUPERMERCADOS DE CADENA;;Salta;Argentina Norte
GROCERY SHOPPING;SUPERMERCADO;Planta Salta;001238;VEA                          1;CENCOSUD S A;1100001158950;30590360763;ESTECO;680;44000;01;AUTINO, SILVIA VALERIA;-24,797643;-65,417872;110031;1158950;SUPER & HIPER;SUPERMERCADOS DE CADENA;;Salta;Argentina Norte
GROCERY SHOPPING;SUPERMERCADO;Planta Salta;001238;VEA                          1;CENCOSUD S A;1100001158951;30590360763;AVDA SARMIENTO ESQ. O'HIG;;44000;01;AUTINO, SILVIA VALERIA;-24,775982;-65,414803;110031;1158951;SUPER & HIPER;SUPERMERCADOS DE CADENA;;Salta;Argentina Norte
GROCERY SHOPPING;SUPERMERCADO;Planta Salta;001238;VEA                          1;CENCOSUD S A;1100001158952;30590360763;LA FLORIDA;50;44000;01;AUTINO, SILVIA VALERIA;-24,79031;-65,41344;110031;1158952;SUPER & HIPER;SUPERMERCADOS DE CADENA;;Salta;Argentina Norte
GROCERY SHOPPING;SUPERMERCADO;Planta Salta;001238;VEA                          1;CENCOSUD S A;1100001158953;30590360763;MENDOZA;259;44000;01;AUTINO, SILVIA VALERIA;-24,795547;-65,406737;110031;1158953;SUPER & HIPER;SUPERMERCADOS DE CADENA;;Salta;Argentina Norte
GROCERY SHOPPING;SUPERMERCADO;Planta Salta;001238;VEA                          1;CENCOSUD S A;1100001158954;30590360763;ITUZAINGO;374;44000;01;AUTINO, SILVIA VALERIA;-24,794095;-65,414323;110031;1158954;SUPER & HIPER;SUPERMERCADOS DE CADENA;;Salta;Argentina Norte
GROCERY SHOPPING;SUPERMERCADO;Planta Salta;001238;VEA                          1;CENCOSUD S A;1100001158955;30590360763;AV EX COMB DE MALVINAS;1600;44000;01;AUTINO, SILVIA VALERIA;-24,841618;-65,432875;110031;1158955;SUPER & HIPER;SUPERMERCADOS DE CADENA;;Salta;Argentina Norte
GROCERY SHOPPING;SUPERMERCADO;Planta Salta;001238;VEA                          1;CENCOSUD S A;1100001158956;30590360763;20 DE FEBRERO;1437;44000;01;AUTINO, SILVIA VALERIA;-24,772628;-65,41362;110031;1158956;SUPER & HIPER;SUPERMERCADOS DE CADENA;;Salta;Argentina Norte
GROCERY SHOPPING;SUPERMERCADO;Planta Salta;001238;VEA                          1;CENCOSUD S A;1100001158957;30590360763;AV.BOLIVIA Y AV.HOUSSAY;;44000;01;AUTINO, SILVIA VALERIA;-24,729845;-65,411914;110031;1158957;SUPER & HIPER;SUPERMERCADOS DE CADENA;;Salta;Argentina Norte
GROCERY SHOPPING;SUPERMERCADO;Planta Salta;001238;VEA                          1;CENCOSUD S A;1100001172406;30590360763;AV SAN MARTIN 725;;44000;01;RESINA, HUMBERTO ESTEBAN;-24,746235;-65,485561;110031;1172406;SUPER & HIPER;SUPERMERCADOS DE CADENA;;Salta;Argentina Norte
GROCERY SHOPPING;SUPERMERCADO;Planta Salta;001534;LIBERTAD;LIBERTAD S A;1100001111632;30612929455;AVDA TAVELLA Y EX COMB.DE;;44000;01;AUTINO, SILVIA VALERIA;-24,831033;-65,42879;110037;1111632;SUPER & HIPER;SUPERMERCADOS DE CADENA;;Salta;Argentina Norte
GROCERY SHOPPING;SUPERMERCADO;Planta Salta;001534;LIBERTAD;LIBERTAD S A;1100001170682;30612929455;AVDA TAVELLA Y EX COMB.DE;;44000;01;AUTINO, SILVIA VALERIA;-24,831033;-65,42879;110037;1170682;SUPER & HIPER;SUPERMERCADOS DE CADENA;;Salta;Argentina Norte
GROCERY SHOPPING;SUPERMERCADO;Planta Salta;004073;CARREFOUR                    1;INC SOCIEDAD ANONIMA;1100001117630;30687310434;AVDA VIRREY TOLEDO Y E.RI;;44000;01;AUTINO, SILVIA VALERIA;-24,78173;-65,402412;110036;1117630;SUPER & HIPER;SUPERMERCADOS DE CADENA;;Salta;Argentina Norte
GROCERY SHOPPING;SUPERMERCADO;Planta Salta;004073;CARREFOUR                    1;INC SOCIEDAD ANONIMA;1100001117660;30687310434;AVDA ENTRE RIOS Y REP.DE;;44000;01;AUTINO, SILVIA VALERIA;-24,779972;-65,427823;110036;1117660;SUPER & HIPER;SUPERMERCADOS DE CADENA;;Salta;Argentina Norte
GROCERY SHOPPING;SUPERMERCADO;Planta Salta;004073;CARREFOUR                    1;INC SOCIEDAD ANONIMA;1100001117665;30687310434;20 DE FEBRERO;31;44000;01;AUTINO, SILVIA VALERIA;-24,789028;-65,4135;110036;1117665;SUPER & HIPER;SUPERMERCADOS DE CADENA;;Salta;Argentina Norte
GROCERY SHOPPING;SUPERMERCADO;Planta Salta;004947;WAL*MART                     1;DORINKA S.R.L.;1100001138311;30678138300;AVDA PARAGUAY ESQ BELGICA;1450;44000;01;AUTINO, SILVIA VALERIA;-24,805807;-65,420333;110038;1138311;SUPER & HIPER;SUPERMERCADOS DE CADENA;;Salta;Argentina Norte
GROCERY SHOPPING;SUPERMERCADO;Planta Salta;004947;WAL*MART                     1;DORINKA S.R.L.;1100001148173;30678138300;AV FUERZA AEREA ESQ AGUAS;S/N;44000;01;AUTINO, SILVIA VALERIA;-24,725868;-65,403027;110038;1148173;SUPER & HIPER;SUPERMERCADOS DE CADENA;;Salta;Argentina Norte
GROCERY SHOPPING;SUPERMERCADO;Planta Salta;007074;COMODIN;ALBERDI SOCIEDAD ANONIMA;1100001142816;30578411174;PELLEGRINI;981;44000;01;AUTINO, SILVIA VALERIA;-24,801818;-65,416187;110035;1142816;SUPER & HIPER;SUPERMERCADOS INDEPENDIENTE;;Salta;Argentina Norte
GROCERY SHOPPING;SUPERMERCADO;Planta Salta;007074;COMODIN;ALBERDI SOCIEDAD ANONIMA;1100001155257;30578411174;ITUZAINGO;440;44000;01;AUTINO, SILVIA VALERIA;-24,795269;-65,414384;110035;1155257;SUPER & HIPER;SUPERMERCADOS DE CADENA;;Salta;Argentina Norte
GROCERY SHOPPING;SUPERMERCADO;Planta Salta;007074;COMODIN;ALBERDI SOCIEDAD ANONIMA;1100001160433;30578411174;AVDA INDEPENDENCIA;578;44000;01;AUTINO, SILVIA VALERIA;-24,808333;-65,408711;110035;1160433;SUPER & HIPER;SUPERMERCADOS DE CADENA;;Salta;Argentina Norte
GROCERY SHOPPING;SUPERMERCADO;Planta Salta;098760;DIA %                        1;DIA ARGENTINA S A;1100001150062;30685849751;INDEPENDENCIA SUC.806;1325;44000;01;AUTINO, SILVIA VALERIA;-24,807973;-65,398254;110034;1150062;SUPER & HIPER;SUPERMERCADOS INDEPENDIENTE;;Salta;Argentina Norte
GROCERY SHOPPING;SUPERMERCADO;Planta Salta;098760;DIA %                        1;DIA ARGENTINA S A;1100001150063;30685849751;CORDOBA SUC.815;761;44000;01;AUTINO, SILVIA VALERIA;-24,799619;-65,409019;110034;1150063;SUPER & HIPER;SUPERMERCADOS INDEPENDIENTE;;Salta;Argentina Norte
GROCERY SHOPPING;SUPERMERCADO;Planta Salta;098760;DIA %                        1;DIA ARGENTINA S A;1100001150082;30685849751;AV LAS AMERICAS;955;44000;01;AUTINO, SILVIA VALERIA;-24,811682;-65,383166;110034;1150082;SUPER & HIPER;SUPERMERCADOS INDEPENDIENTE;;Salta;Argentina Norte
GROCERY SHOPPING;SUPERMERCADO;Planta Salta;098760;DIA %                        1;DIA ARGENTINA S A;1100001150155;30685849751;OLAVARRIA Y SAN JUAN SUC.;;44000;01;AUTINO, SILVIA VALERIA;-24,794647;-65,432385;110034;1150155;SUPER & HIPER;SUPERMERCADOS INDEPENDIENTE;;Salta;Argentina Norte
GROCERY SHOPPING;SUPERMERCADO;Planta Salta;098760;DIA %                        1;DIA ARGENTINA S A;1100001150303;30685849751;VICENTE LOPEZ SUC.811;901;44000;01;AUTINO, SILVIA VALERIA;-24,778849;-65,404594;110034;1150303;SUPER & HIPER;SUPERMERCADOS INDEPENDIENTE;;Salta;Argentina Norte
GROCERY SHOPPING;SUPERMERCADO;Planta Salta;098760;DIA %                        1;DIA ARGENTINA S A;1100001150404;30685849751;ROTONDA GRAN BOURG SUC.80;;44000;01;AUTINO, SILVIA VALERIA;-24,769302;-65,443538;110034;1150404;SUPER & HIPER;SUPERMERCADOS INDEPENDIENTE;;Salta;Argentina Norte
GROCERY SHOPPING;SUPERMERCADO;Planta Salta;098760;DIA %                        1;DIA ARGENTINA S A;1100001150405;30685849751;25 DE MAYO SUC.8005;652;44000;01;AUTINO, SILVIA VALERIA;-24,781599;-65,414312;110034;1150405;SUPER & HIPER;SUPERMERCADOS INDEPENDIENTE;;Salta;Argentina Norte
GROCERY SHOPPING;SUPERMERCADO;Planta Salta;098760;DIA %                        1;DIA ARGENTINA S A;1100001150681;30685849751;ESPAÑA SUC.8006;2195;44000;01;AUTINO, SILVIA VALERIA;-24,787095;-65,432909;110034;1150681;SUPER & HIPER;SUPERMERCADOS INDEPENDIENTE;;Salta;Argentina Norte
GROCERY SHOPPING;SUPERMERCADO;Planta Salta;098760;DIA %                        1;DIA ARGENTINA S A;1100001150766;30685849751;AZCUENAGA SUC.8008;2295;44000;01;AUTINO, SILVIA VALERIA;-24,803593;-65,437222;110034;1150766;SUPER & HIPER;SUPERMERCADOS INDEPENDIENTE;;Salta;Argentina Norte
GROCERY SHOPPING;SUPERMERCADO;Planta Salta;098760;DIA %                        1;DIA ARGENTINA S A;1100001150890;30685849751;EJER.ARG.Y BAT.SALTA SUC.;;44000;01;AUTINO, SILVIA VALERIA;-24,719724;-65,405279;110034;1150890;SUPER & HIPER;SUPERMERCADOS INDEPENDIENTE;;Salta;Argentina Norte
GROCERY SHOPPING;SUPERMERCADO;Planta Salta;098760;DIA %                        1;DIA ARGENTINA S A;1100001150927;30685849751;SARMIENTO Y TORINO SUC.80;;44050;01;VIOLA, TOMAS JOAQUIN;-24,985688;-65,577972;110034;1150927;SUPER & HIPER;SUPERMERCADOS INDEPENDIENTE;;Salta;Argentina Norte
GROCERY SHOPPING;SUPERMERCADO;Planta Salta;098760;DIA %                        1;DIA ARGENTINA S A;1100001150979;30685849751;MITRE SUC.1800;950;44000;01;AUTINO, SILVIA VALERIA;-24,777948;-65,409873;110034;1150979;SUPER & HIPER;SUPERMERCADOS INDEPENDIENTE;;Salta;Argentina Norte
GROCERY SHOPPING;SUPERMERCADO;Planta Salta;098760;DIA %                        1;DIA ARGENTINA S A;1100001151348;30685849751;AV.JOSE CONTRERA SUC.1802;1390;44000;01;AUTINO, SILVIA VALERIA;-24,81136;-65,424047;110034;1151348;SUPER & HIPER;SUPERMERCADOS INDEPENDIENTE;;Salta;Argentina Norte
GROCERY SHOPPING;SUPERMERCADO;Planta Salta;098760;DIA %                        1;DIA ARGENTINA S A;1100001151400;30685849751;LAS GOLONDRINAS SUC.8011;1512;44000;01;AUTINO, SILVIA VALERIA;-24,849037;-65,434173;110034;1151400;SUPER & HIPER;SUPERMERCADOS INDEPENDIENTE;;Salta;Argentina Norte
GROCERY SHOPPING;SUPERMERCADO;Planta Salta;098760;DIA %                        1;DIA ARGENTINA S A;1100001151713;30685849751;BROWN SUC.8013;73;44000;01;AUTINO, SILVIA VALERIA;-24,788253;-65,421905;110034;1151713;SUPER & HIPER;SUPERMERCADOS INDEPENDIENTE;;Salta;Argentina Norte
GROCERY SHOPPING;SUPERMERCADO;Planta Salta;098760;DIA %                        1;DIA ARGENTINA S A;1100001154709;30685849751;R.BALBIN Y J.M.ROSAS SUC.;;44000;01;AUTINO, SILVIA VALERIA;-24,855619;-65,469435;110034;1154709;SUPER & HIPER;SUPERMERCADOS INDEPENDIENTE;;Salta;Argentina Norte
GROCERY SHOPPING;SUPERMERCADO;Planta Salta;098760;DIA %                        1;DIA ARGENTINA S A;1100001154710;30685849751;CABRED SUC.8017;23;44300;01;HERRERA, CARLOS ANTONIO;-24,671765;-65,045723;110034;1154710;SUPER & HIPER;SUPERMERCADOS INDEPENDIENTE;;Salta;Argentina Norte
GROCERY SHOPPING;SUPERMERCADO;Planta Salta;098760;DIA %                        1;DIA ARGENTINA S A;1100001155447;30685849751;GRAL GUEMES SUC.819;370;44030;01;RESINA, HUMBERTO ESTEBAN;-24,905485;-65,487049;110034;1155447;SUPER & HIPER;SUPERMERCADOS INDEPENDIENTE;;Salta;Argentina Norte
GROCERY SHOPPING;SUPERMERCADO;Planta Salta;098760;DIA %                        1;DIA ARGENTINA S A;1100001155635;30685849751;AV.ASUNCION Y SIROLLI SUC;;44000;01;AUTINO, SILVIA VALERIA;-24,797965;-65,376708;110034;1155635;SUPER & HIPER;SUPERMERCADOS INDEPENDIENTE;;Salta;Argentina Norte
GROCERY SHOPPING;SUPERMERCADO;Planta Salta;098760;DIA %                        1;DIA ARGENTINA S A;1100001156494;30685849751;RUTA 26 KM 2 SUC.1805;;44000;01;AUTINO, SILVIA VALERIA;-24,83731;-65,40833;110034;1156494;SUPER & HIPER;SUPERMERCADOS INDEPENDIENTE;;Salta;Argentina Norte
GROCERY SHOPPING;SUPERMERCADO;Planta Salta;098760;DIA %                        1;DIA ARGENTINA S A;1100001170929;30685849751;AV. SAN MARTIN;866;44015;01;RESINA, HUMBERTO ESTEBAN;-24,744382;-65,484489;110034;1170929;SUPER & HIPER;SUPERMERCADOS INDEPENDIENTE;;Salta;Argentina Norte
GROCERY SHOPPING;SUPERMERCADO;Planta Salta;098760;DIA %                        1;DIA ARGENTINA S A;1100001171616;30685849751;MITRE;246;44000;01;AUTINO, SILVIA VALERIA;-24,787135;-65,410697;110034;1171616;SUPER & HIPER;SUPERMERCADOS INDEPENDIENTE;;Salta;Argentina Norte
GROCERY SHOPPING;SUPERMERCADO;Planta Tucumán;001238;VEA                          1;CENCOSUD S A                 ;3100003125131;30590360763;FERMIN CARIOLA;42;41070;03;GALLARDO, IVAN ANDRES;-26,823114;-65,268418;310031;3125131;SUPER & HIPER;SUPERMERCADOS DE CADENA;;Tucumán;Argentina Sur
GROCERY SHOPPING;SUPERMERCADO;Planta Tucumán;001238;VEA                          1;CENCOSUD S A                 ;3100003125132;30590360763;AVDA ACONQUIJA;1799;41070;03;GALLARDO, IVAN ANDRES;-26,812843;-65,295656;310031;3125132;SUPER & HIPER;SUPERMERCADOS DE CADENA;;Tucumán;Argentina Sur
GROCERY SHOPPING;SUPERMERCADO;Planta Tucumán;001238;VEA                          1;CENCOSUD S A                 ;3100003125133;30590360763;AVDA BRIGIDO TERAN;50;40000;03;GALLARDO, IVAN ANDRES;-26,834019;-65,194817;310031;3125133;SUPER & HIPER;SUPERMERCADOS DE CADENA;;Tucumán;Argentina Sur
GROCERY SHOPPING;SUPERMERCADO;Planta Tucumán;001238;VEA                          1;CENCOSUD S A                 ;3100003125134;30590360763;AVDA SARMIENTO;730;40000;03;GALLARDO, IVAN ANDRES;-26,818014;-65,205243;310031;3125134;SUPER & HIPER;SUPERMERCADOS DE CADENA;;Tucumán;Argentina Sur
GROCERY SHOPPING;SUPERMERCADO;Planta Tucumán;001238;VEA                          1;CENCOSUD S A                 ;3100003125135;30590360763;AVDA ROCA;759;40000;03;GALLARDO, IVAN ANDRES;-26,842348;-65,211695;310031;3125135;SUPER & HIPER;SUPERMERCADOS DE CADENA;;Tucumán;Argentina Sur
GROCERY SHOPPING;SUPERMERCADO;Planta Tucumán;001238;VEA                          1;CENCOSUD S A                 ;3100003125136;30590360763;AVDA ALEM;248;40000;03;GALLARDO, IVAN ANDRES;-26,831707;-65,219388;310031;3125136;SUPER & HIPER;SUPERMERCADOS DE CADENA;;Tucumán;Argentina Sur
GROCERY SHOPPING;SUPERMERCADO;Planta Tucumán;001238;VEA                          1;CENCOSUD S A                 ;3100003125137;30590360763;CORDOBA;665;40000;03;GALLARDO, IVAN ANDRES;-26,8265;-65,206043;310031;3125137;SUPER & HIPER;SUPERMERCADOS DE CADENA;;Tucumán;Argentina Sur
GROCERY SHOPPING;SUPERMERCADO;Planta Tucumán;001238;VEA                          1;CENCOSUD S A                 ;3100003125140;30590360763;AV GDOR DEL CAMPO;1152;40000;03;GALLARDO, IVAN ANDRES;-26,822966;-65,177138;310031;3125140;SUPER & HIPER;SUPERMERCADOS DE CADENA;;Tucumán;Argentina Sur
GROCERY SHOPPING;SUPERMERCADO;Planta Tucumán;001238;VEA                          1;CENCOSUD S A                 ;3100003125164;30590360763;MATE DE LUNA Y ERNESTO PA;;40000;03;GALLARDO, IVAN ANDRES;-26,823526;-65,240823;310031;3125164;SUPER & HIPER;SUPERMERCADOS DE CADENA;;Tucumán;Argentina Sur
GROCERY SHOPPING;SUPERMERCADO;Planta Tucumán;001238;VEA                          1;CENCOSUD S A                 ;3100003125166;30590360763;ALBERDI ESQ AV ALEM;;41030;03;GALLARDO, IVAN ANDRES;-26,729987;-65,261511;310031;3125166;SUPER & HIPER;SUPERMERCADOS DE CADENA;;Tucumán;Argentina Sur
GROCERY SHOPPING;SUPERMERCADO;Planta Tucumán;001238;VEA                          1;CENCOSUD S A                 ;3100003125167;30590360763;AV AMERICA ESQ AV BELGRAN;;40000;03;GALLARDO, IVAN ANDRES;-26,809389;-65,248123;310031;3125167;SUPER & HIPER;SUPERMERCADOS DE CADENA;;Tucumán;Argentina Sur
GROCERY SHOPPING;SUPERMERCADO;Planta Tucumán;001238;VEA                          1;CENCOSUD S A                 ;3100003125168;30590360763;AV COLON;651;40000;03;GALLARDO, IVAN ANDRES;-26,834509;-65,234673;310031;3125168;SUPER & HIPER;SUPERMERCADOS DE CADENA;;Tucumán;Argentina Sur
GROCERY SHOPPING;SUPERMERCADO;Planta Tucumán;001238;VEA                          1;CENCOSUD S A                 ;3100003198480;30590360763;FERMIN CARIOLA;42;41070;03;GONZALEZ, GERARDO;-26,82224;-65,267455;310446;3198480;SUPER & HIPER;SUPERMERCADOS DE CADENA;;Tucumán;Argentina Sur
GROCERY SHOPPING;SUPERMERCADO;Planta Tucumán;004073;CARREFOUR                    1;INC SOCIEDAD ANONIMA;3100003125044;30687310434;24 DE SEPTIEMBRE;651;40000;03;GALLARDO, IVAN ANDRES;-26,830539;-65,207028;310036;3125044;SUPER & HIPER;SUPERMERCADOS DE CADENA;;Tucumán;Argentina Sur
GROCERY SHOPPING;SUPERMERCADO;Planta Tucumán;004073;CARREFOUR                    1;INC SOCIEDAD ANONIMA;3100003125046;30687310434;SAN MARTIN;344;40000;03;GALLARDO, IVAN ANDRES;-26,830115;-65,202171;310036;3125046;SUPER & HIPER;SUPERMERCADOS DE CADENA;;Tucumán;Argentina Sur
GROCERY SHOPPING;SUPERMERCADO;Planta Tucumán;004073;CARREFOUR                    1;INC SOCIEDAD ANONIMA;3100003125055;30687310434;CATAMARCA;1116;40000;03;GALLARDO, IVAN ANDRES;-26,814199;-65,208676;310036;3125055;SUPER & HIPER;SUPERMERCADOS DE CADENA;;Tucumán;Argentina Sur
GROCERY SHOPPING;SUPERMERCADO;Planta Tucumán;004073;CARREFOUR                    1;INC SOCIEDAD ANONIMA;3100003125074;30687310434;AV ACONQUIJA;1597;41070;03;GALLARDO, IVAN ANDRES;-26,813471;-65,292617;310036;3125074;SUPER & HIPER;SUPERMERCADOS DE CADENA;;Tucumán;Argentina Sur
GROCERY SHOPPING;SUPERMERCADO;Planta Tucumán;007074;COMODIN;ALBERDI SOCIEDAD ANONIMA;3100003125094;30578411174;AVDA JUAN B JUSTO;1151;40000;03;GALLARDO, IVAN ANDRES;-26,817058;-65,193308;310035;3125094;SUPER & HIPER;SUPERMERCADOS DE CADENA;;Tucumán;Argentina Sur
GROCERY SHOPPING;SUPERMERCADO;Planta Tucumán;007074;COMODIN;ALBERDI SOCIEDAD ANONIMA;3100003125095;30578411174;AVDA ROCA;3057;40000;03;GALLARDO, IVAN ANDRES;-26,834908;-65,247863;310035;3125095;SUPER & HIPER;SUPERMERCADOS DE CADENA;;Tucumán;Argentina Sur
GROCERY SHOPPING;SUPERMERCADO;Planta Tucumán;007074;COMODIN;ALBERDI SOCIEDAD ANONIMA;3100003125096;30578411174;AVDA ALEM;1796;40000;03;GALLARDO, IVAN ANDRES;-26,852543;-65,224252;310035;3125096;SUPER & HIPER;SUPERMERCADOS DE CADENA;;Tucumán;Argentina Sur
GROCERY SHOPPING;SUPERMERCADO;Planta Tucumán;007074;COMODIN;ALBERDI SOCIEDAD ANONIMA;3100003125097;30578411174;AVDA BELGRANO;3330;40000;03;GALLARDO, IVAN ANDRES;-26,810439;-65,243425;310035;3125097;SUPER & HIPER;SUPERMERCADOS DE CADENA;;Tucumán;Argentina Sur
GROCERY SHOPPING;SUPERMERCADO;Sucursal Catamarca;001238;VEA                          1;CENCOSUD S A                 ;5100005127501;30590360763; AV. BELGRANO Y R. LUNA;;47000;05;SORGINI, ADRIAN ALFREDO;-28,45948;-65,771823;510031;5127501;SUPER & HIPER;SUPERMERCADOS DE CADENA;;Catamarca;Argentina Sur
GROCERY SHOPPING;SUPERMERCADO;Sucursal Catamarca;001238;VEA                          1;CENCOSUD S A                 ;5100005127502;30590360763;RIVADAVIA 986;;47000;05;SORGINI, ADRIAN ALFREDO;-28,45948;-65,771823;510031;5127502;SUPER & HIPER;SUPERMERCADOS DE CADENA;;Catamarca;Argentina Sur
GROCERY SHOPPING;SUPERMERCADO;Sucursal Catamarca;001238;VEA                          1;CENCOSUD S A                 ;5100005127503;30590360763;V. SEGURA Y AV. GUEMES;;47000;05;SORGINI, ADRIAN ALFREDO;-28,45948;-65,771823;510031;5127503;SUPER & HIPER;SUPERMERCADOS DE CADENA;;Catamarca;Argentina Sur
GROCERY SHOPPING;SUPERMERCADO;Sucursal Catamarca;001238;VEA                          1;CENCOSUD S A                 ;5100005127504;30590360763;F. FIGUEROA Y PJE S. LEON;;47000;05;SORGINI, ADRIAN ALFREDO;-28,45948;-65,771823;510031;5127504;SUPER & HIPER;SUPERMERCADOS DE CADENA;;Catamarca;Argentina Sur
GROCERY SHOPPING;SUPERMERCADO;Sucursal Catamarca;001238;VEA                          1;CENCOSUD S A                 ;5100005127505;30590360763;AV PTE CASTILLO  1600;;47070;05;SORGINI, ADRIAN ALFREDO;-28,45948;-65,771823;510031;5127505;SUPER & HIPER;SUPERMERCADOS DE CADENA;;Catamarca;Argentina Sur
GROCERY SHOPPING;SUPERMERCADO;Sucursal Catamarca;004073;CARREFOUR                    1;INC SOCIEDAD ANONIMA;5100005113638;30687310434;RIVADAVIA 949;;47000;05;SORGINI, ADRIAN ALFREDO;-28,472733;-65,778162;510036;5113638;SUPER & HIPER;SUPERMERCADOS DE CADENA;;Catamarca;Argentina Sur
GROCERY SHOPPING;SUPERMERCADO;Sucursal Catamarca;004073;CARREFOUR                    1;INC SOCIEDAD ANONIMA;5100005113639;30687310434;AV. H. IRIGOYEN S/N;;47000;05;SORGINI, ADRIAN ALFREDO;-28,477055;-65,777815;510036;5113639;SUPER & HIPER;SUPERMERCADOS DE CADENA;;Catamarca;Argentina Sur
GROCERY SHOPPING;SUPERMERCADO;Sucursal Catamarca;004073;CARREFOUR                    1;INC SOCIEDAD ANONIMA;5100005130108;30687310434;AV. SAN MARTIN 450;;47000;05;SORGINI, ADRIAN ALFREDO;-28,464504;-65,758628;510036;5130108;SUPER & HIPER;SUPERMERCADOS DE CADENA;;Catamarca;Argentina Sur
GROCERY SHOPPING;SUPERMERCADO;Sucursal Catamarca;004947;WAL*MART                     1;DORINKA S.R.L.;5100005122737;30678138300;AV ACOSTA VILLAFAÑEZ;;47000;05;SORGINI, ADRIAN ALFREDO;-28,466613;-65,755238;510038;5122737;SUPER & HIPER;SUPERMERCADOS DE CADENA;;Catamarca;Argentina Sur
GROCERY SHOPPING;SUPERMERCADO;Sucursal Clorinda;004947;WAL*MART                     1;DORINKA S.R.L.;7300001014997;30678138300;AV.TUCUMAN;201;03610;07;BRIZUELA NICOLAS;-25,28793;-57,724333;730038;1014997;SUPER & HIPER;SUPERMERCADOS DE CADENA;;Formosa;Argentina Este
GROCERY SHOPPING;SUPERMERCADO;Sucursal Concepción;001238;VEA                          1;CENCOSUD S A                 ;3200003297300;30590360763;RIVADAVIA;46;41460;03;FARA, MIGUEL GUSTAVO;-27,345486;-65,59474;320031;3297300;SUPER & HIPER;SUPERMERCADOS DE CADENA;;Tucumán;Argentina Sur
GROCERY SHOPPING;SUPERMERCADO;Sucursal Concepción;001238;VEA                          1;CENCOSUD S A                 ;3200003297301;30590360763;ALBERDI;241;41420;03;FARA, MIGUEL GUSTAVO;-27,169803;-65,499031;320031;3297301;SUPER & HIPER;SUPERMERCADOS DE CADENA;;Tucumán;Argentina Sur
GROCERY SHOPPING;SUPERMERCADO;Sucursal Corrientes;001238;VEA                          1;CENCOSUD S A;3000003400330;30590360763;REGUERA ESQUINA MITRE;S/N;34000;09;ESCOBAR JAVIER;0;0;910031;3400330;SUPER & HIPER;SUPERMERCADOS DE CADENA;;Corrientes;Argentina Este
GROCERY SHOPPING;SUPERMERCADO;Sucursal Corrientes;004073;CARREFOUR                    1;INC SOCIEDAD ANONIMA;3000003015312;30687310434;JUNIN;1330;34000;09;ESCOBAR JAVIER;-27,467733;-58,834835;910036;3015312;SUPER & HIPER;SUPERMERCADOS DE CADENA;;Corrientes;Argentina Este
GROCERY SHOPPING;SUPERMERCADO;Sucursal Corrientes;098760;DIA %                        1;DIA ARGENTINA S A;3000003018564;30685849751;PERELLO;279;34000;09;VALLEJOS MAURICIO;-27,466591;-58,80005;910034;3018564;SUPER & HIPER;SUPERMERCADOS INDEPENDIENTE;;Corrientes;Argentina Este
GROCERY SHOPPING;SUPERMERCADO;Sucursal Corrientes;098760;DIA %                        1;DIA ARGENTINA S A;3000003021508;30685849751;BUENOS AIRES;669;34000;09;BRES FEDERICO;-27,466591;-58,80005;910034;3021508;SUPER & HIPER;SUPERMERCADOS INDEPENDIENTE;;Corrientes;Argentina Este
GROCERY SHOPPING;SUPERMERCADO;Sucursal Corrientes;098760;DIA %                        1;DIA ARGENTINA S A;3000003023699;30685849751;SAN MARTIN;646;34000;09;BRES FEDERICO;-27,466591;-58,80005;910034;3023699;SUPER & HIPER;SUPERMERCADOS INDEPENDIENTE;;Corrientes;Argentina Este
GROCERY SHOPPING;SUPERMERCADO;Sucursal Corrientes;098760;DIA %                        1;DIA ARGENTINA S A;3000003024210;30685849751;J M COSSIO;1042;34000;09;BRES FEDERICO;-27,466591;-58,80005;910034;3024210;SUPER & HIPER;SUPERMERCADOS DE CADENA;;Corrientes;Argentina Este
GROCERY SHOPPING;SUPERMERCADO;Sucursal Corrientes;098760;DIA %                        1;DIA ARGENTINA S A;3000003024278;30685849751;ALTO PERU;SN;34000;09;ZALAZAR RODRIGO;-27,954047;-58,808388;910034;3024278;SUPER & HIPER;SUPERMERCADOS INDEPENDIENTE;;Corrientes;Argentina Este
GROCERY SHOPPING;SUPERMERCADO;Sucursal Corrientes;098760;DIA %                        1;DIA ARGENTINA S A;3000003024377;30685849751;SARMIENTO;535;34000;09;VALLEJOS MAURICIO;0;0;910034;3024377;SUPER & HIPER;SUPERMERCADOS INDEPENDIENTE;;Corrientes;Argentina Este
GROCERY SHOPPING;SUPERMERCADO;Sucursal Corrientes;098760;DIA %                        1;DIA ARGENTINA S A;3000003024441;30685849751;LIBERTAD;5301;34000;09;ESCOBAR JAVIER;-27,466591;-58,80005;910034;3024441;SUPER & HIPER;SUPERMERCADOS INDEPENDIENTE;;Corrientes;Argentina Este
GROCERY SHOPPING;SUPERMERCADO;Sucursal Corrientes;098760;DIA %                        1;DIA ARGENTINA S A;3000003024475;30685849751;RIOJA Y MORENO;SN;34000;09;ZALAZAR RODRIGO;-27,317895;-58,571557;910034;3024475;SUPER & HIPER;SUPERMERCADOS INDEPENDIENTE;;Corrientes;Argentina Este
GROCERY SHOPPING;SUPERMERCADO;Sucursal Corrientes;098760;DIA %                        1;DIA ARGENTINA SA;3000003029907;30685849751;MANCINI;415;34000;09;BRES FEDERICO;0;0;910034;3029907;SUPER & HIPER;SUPERMERCADOS INDEPENDIENTE;;Corrientes;Argentina Este
GROCERY SHOPPING;SUPERMERCADO;Sucursal Formosa;004073;CARREFOUR                    1;INC SOCIEDAD ANONIMA;1000001012406;30687310434;ESPAÑA;160;36000;07;GONZALEZ GUILLERMO;-26,181384;-58,166287;710036;1012406;SUPER & HIPER;SUPERMERCADOS DE CADENA;;Formosa;Argentina Este
GROCERY SHOPPING;SUPERMERCADO;Sucursal Formosa;004073;CARREFOUR                    1;INC SOCIEDAD ANONIMA;1000001012876;30687310434;AVDA DR LUIS GUTNISKI;2010;36000;07;GONZALEZ GUILLERMO;-26,189602;-58,187224;710036;1012876;SUPER & HIPER;SUPERMERCADOS DE CADENA;;Formosa;Argentina Este
GROCERY SHOPPING;SUPERMERCADO;Sucursal Formosa;004947;WAL*MART                     1;DORINKA S.R.L.;1000001013129;30678138300;AV GUTNISKY;3550;36000;07;GONZALEZ GUILLERMO;-26,194513;-58,202302;710038;1013129;SUPER & HIPER;SUPERMERCADOS DE CADENA;;Formosa;Argentina Este
GROCERY SHOPPING;SUPERMERCADO;Sucursal Formosa;004947;WAL*MART                     1;DORINKA S.R.L.;1000001014040;30678138300;AV.MARADONA Y SOMACAL;S/N;36000;07;GONZALEZ GUILLERMO;-26,150098;-58,160795;710038;1014040;SUPER & HIPER;SUPERMERCADOS DE CADENA;;Formosa;Argentina Este
GROCERY SHOPPING;SUPERMERCADO;Sucursal Goya;001238;VEA                          1;CENCOSUD S A                 ;9200003042920;30590360763;BELGRANO;799;03450;09;RIQUELME NATALIA;-29,141527;-59,265063;920031;3042920;SUPER & HIPER;SUPERMERCADOS DE CADENA;;Corrientes;Argentina Este
GROCERY SHOPPING;SUPERMERCADO;Sucursal Goya;098760;DIA %                        1;DIA ARGENTINA S A;9200003020235;30685849751;ESPAÑA;347;03450;09;RIQUELME NATALIA;-29,145518;-59,262665;920034;3020235;SUPER & HIPER;SUPERMERCADOS INDEPENDIENTE;;Corrientes;Argentina Este
GROCERY SHOPPING;SUPERMERCADO;Sucursal Joaquín V. González;098760;DIA %                        1;DIA ARGENTINA S A;1300001151401;30685849751;AV GRAL GUEMES;170;44000;01;NEVA, PABLO DANIEL;-25,119326;-64,125852;130034;1151401;SUPER & HIPER;SUPERMERCADOS INDEPENDIENTE;;Salta;Argentina Norte
GROCERY SHOPPING;SUPERMERCADO;Sucursal Jujuy;001238;VEA                          1;CENCOSUD S A                 ;2100002169048;30590360763;DR.CARRILLO ESQ.DR.VIDAL;;46000;02;BRITO DARDO LUCIO;-24,187592;-65,322515;210031;2169048;SUPER & HIPER;SUPERMERCADOS DE CADENA;;Jujuy;Argentina Norte
GROCERY SHOPPING;SUPERMERCADO;Sucursal Jujuy;001238;VEA                          1;CENCOSUD S A                 ;2100002169049;30590360763;GUEMES N.955 CENTRO;;46000;02;BRITO DARDO LUCIO;-24,182807;-65,3075;210031;2169049;SUPER & HIPER;SUPERMERCADOS DE CADENA;;Jujuy;Argentina Norte
GROCERY SHOPPING;SUPERMERCADO;Sucursal Jujuy;001238;VEA                          1;CENCOSUD S A                 ;2100002169050;30590360763;AV.EXODO N.423 B.GORRITI;;46000;02;BRITO DARDO LUCIO;-24,195026;-65,297995;210031;2169050;SUPER & HIPER;SUPERMERCADOS DE CADENA;;Jujuy;Argentina Norte
GROCERY SHOPPING;SUPERMERCADO;Sucursal Jujuy;004073;CARREFOUR                    1;INC SOCIEDAD ANONIMA;2100002116361;30687310434;ALVEAR ESQ.BALCARCE 601 C;;46000;02;BRITO DARDO LUCIO;-24,184236;-65,307767;210036;2116361;SUPER & HIPER;SUPERMERCADOS DE CADENA;;Jujuy;Argentina Norte
GROCERY SHOPPING;SUPERMERCADO;Sucursal Jujuy;004073;CARREFOUR                    1;INC SOCIEDAD ANONIMA;2100002116365;30687310434;AVDA 19 DE ABRIL 779 CENT;;46000;02;BRITO DARDO LUCIO;-24,188915;-65,305889;210036;2116365;SUPER & HIPER;SUPERMERCADOS DE CADENA;;Jujuy;Argentina Norte
GROCERY SHOPPING;SUPERMERCADO;Sucursal Jujuy;004073;CARREFOUR                    1;INC SOCIEDAD ANONIMA;2100002174446;30687310434;COLECTORA EJERCITO DEL NO;1545;46000;02;BRITO DARDO LUCIO;-24,199181;-65,311737;210036;2174446;SUPER & HIPER;SUPERMERCADOS DE CADENA;;Jujuy;Argentina Norte
GROCERY SHOPPING;SUPERMERCADO;Sucursal Jujuy;004947;WAL*MART                     1;DORINKA S.R.L.;2100002129873;30678138300;RIO BAMBA Y PTE PERON;;46000;02;BRITO DARDO LUCIO;-24,209797;-65,291173;210038;2129873;SUPER & HIPER;SUPERMERCADOS DE CADENA;;Jujuy;Argentina Norte
GROCERY SHOPPING;SUPERMERCADO;Sucursal Jujuy;007074;COMODIN;ALBERDI SOCIEDAD ANONIMA;2100002102266;30578411174;NECOCHEA Nº 445;;46000;02;BRITO DARDO LUCIO;-24,183641;-65,306257;210035;2102266;SUPER & HIPER;SUPERMERCADOS DE CADENA;;Jujuy;Argentina Norte
GROCERY SHOPPING;SUPERMERCADO;Sucursal Jujuy;007074;COMODIN;ALBERDI SOCIEDAD ANONIMA;2100002112078;30578411174;DR CARRILLO 371 B° C.DE N;;46000;02;BRITO DARDO LUCIO;-24,187433;-65,321876;210035;2112078;SUPER & HIPER;SUPERMERCADOS DE CADENA;;Jujuy;Argentina Norte
GROCERY SHOPPING;SUPERMERCADO;Sucursal Jujuy;007074;COMODIN;ALBERDI SOCIEDAD ANONIMA;2100002112089;30578411174;GUEMES 1178- CENTRO;;46000;02;BRITO DARDO LUCIO;-24,183452;-65,311556;210035;2112089;SUPER & HIPER;SUPERMERCADOS DE CADENA;;Jujuy;Argentina Norte
GROCERY SHOPPING;SUPERMERCADO;Sucursal Jujuy;007074;COMODIN;ALBERDI SOCIEDAD ANONIMA;2100002112117;30578411174;R.SOLORZANO ESQ.PICHINCHA;;46000;02;BRITO DARDO LUCIO;-24,19984;-65,290107;210035;2112117;SUPER & HIPER;SUPERMERCADOS DE CADENA;;Jujuy;Argentina Norte
GROCERY SHOPPING;SUPERMERCADO;Sucursal Jujuy;007074;COMODIN;ALBERDI SOCIEDAD ANONIMA;2100002112136;30578411174;AV.CORRIENTE 2380;;46000;02;BRITO DARDO LUCIO;-24,212934;-65,278198;210035;2112136;SUPER & HIPER;SUPERMERCADOS INDEPENDIENTE;;Jujuy;Argentina Norte
GROCERY SHOPPING;SUPERMERCADO;Sucursal Jujuy;007074;COMODIN;ALBERDI SOCIEDAD ANONIMA;2100002114284;30578411174;AV.CARLOS UNDIANO 743 A.C;;46000;02;BRITO DARDO LUCIO;-24,237127;-65,264211;210035;2114284;SUPER & HIPER;SUPERMERCADOS DE CADENA;;Jujuy;Argentina Norte
GROCERY SHOPPING;SUPERMERCADO;Sucursal Jujuy;007074;COMODIN;ALBERDI SOCIEDAD ANONIMA;2100002161278;30578411174;AVDA ILLIA 145 ESQ. EL CA;;46000;02;BRITO DARDO LUCIO;-24,170371;-65,313443;210035;2161278;SUPER & HIPER;SUPERMERCADOS DE CADENA;;Jujuy;Argentina Norte
GROCERY SHOPPING;SUPERMERCADO;Sucursal Jujuy;007074;COMODIN;ALBERDI SOCIEDAD ANONIMA;2100002163051;30578411174;AV.CORRIENTES N.3141;;46000;02;BRITO DARDO LUCIO;-24,212934;-65,278198;210035;2163051;SUPER & HIPER;SUPERMERCADOS DE CADENA;;Jujuy;Argentina Norte
GROCERY SHOPPING;SUPERMERCADO;Sucursal Jujuy;007074;COMODIN;ALBERDI SOCIEDAD ANONIMA;2100002164534;30578411174;RUTA 66 KM 1.5 PALPALA;;46120;02;BRITO DARDO LUCIO;-24,247517;-65,235557;210035;2164534;SUPER & HIPER;SUPERMERCADOS INDEPENDIENTE;;Jujuy;Argentina Norte
GROCERY SHOPPING;SUPERMERCADO;Sucursal Jujuy;007074;COMODIN;ALBERDI SOCIEDAD ANONIMA;2100002166269;30578411174;AVDA BALBIN 2228 BAJO LA;;46000;02;BRITO DARDO LUCIO;-24,178692;-65,289176;210035;2166269;SUPER & HIPER;SUPERMERCADOS DE CADENA;;Jujuy;Argentina Norte
GROCERY SHOPPING;SUPERMERCADO;Sucursal Jujuy;007074;COMODIN;ALBERDI SOCIEDAD ANONIMA;2100002167238;30578411174;RIO BAMBA ESQ.COTAGAITA;;46000;02;BRITO DARDO LUCIO;-24,206926;-65,286357;210035;2167238;SUPER & HIPER;SUPERMERCADOS DE CADENA;;Jujuy;Argentina Norte
GROCERY SHOPPING;SUPERMERCADO;Sucursal Jujuy;007074;COMODIN;ALBERDI SOCIEDAD ANONIMA;2100002167711;30578411174;GOB.TELLO N°347 B° SAN PE;;46000;02;BRITO DARDO LUCIO;-24,20527;-65,275535;210035;2167711;SUPER & HIPER;SUPERMERCADOS DE CADENA;;Jujuy;Argentina Norte
GROCERY SHOPPING;SUPERMERCADO;Sucursal Jujuy;007074;COMODIN;ALBERDI SOCIEDAD ANONIMA;2100002167901;30578411174;LAS VICUÑAS N.551 CHIJRA;;46000;02;BRITO DARDO LUCIO;-24,172134;-65,297294;210035;2167901;SUPER & HIPER;SUPERMERCADOS DE CADENA;;Jujuy;Argentina Norte
GROCERY SHOPPING;SUPERMERCADO;Sucursal Jujuy;007074;COMODIN;ALBERDI SOCIEDAD ANONIMA;2100002169091;30578411174;EXODO N.863 GORRITI;;46000;02;BRITO DARDO LUCIO;-24,193473;-65,301132;210035;2169091;SUPER & HIPER;SUPERMERCADOS DE CADENA;;Jujuy;Argentina Norte
GROCERY SHOPPING;SUPERMERCADO;Sucursal Jujuy;007074;COMODIN;ALBERDI SOCIEDAD ANONIMA;2200002133020;30578411174;CNEL.ARIAS N.406 B.CENTRO;;46080;02;BRITO DARDO LUCIO;-24,37869;-65,120974;210035;2133020;SUPER & HIPER;SUPERMERCADOS INDEPENDIENTE;;Jujuy;Argentina Norte
GROCERY SHOPPING;SUPERMERCADO;Sucursal Jujuy;007074;COMODIN;ALBERDI SOCIEDAD ANONIMA;2200002165561;30578411174;BELGRANO ESQ.9 DE JULIO P;;46080;02;BRITO DARDO LUCIO;-24,24454;-65,33829;210035;2165561;SUPER & HIPER;SUPERMERCADOS INDEPENDIENTE;;Jujuy;Argentina Norte
GROCERY SHOPPING;SUPERMERCADO;Sucursal Jujuy;098760;DIA %                        1;DIA ARGENTINA S A;2100002168348;30685849751;OLAVARRIA 390 B° M.MORENO;;46000;02;SALAS, ALBERTO FABIAN;-24,196878;-65,309478;210034;2168348;SUPER & HIPER;SUPERMERCADOS INDEPENDIENTE;;Jujuy;Argentina Norte
GROCERY SHOPPING;SUPERMERCADO;Sucursal Jujuy;098760;DIA %                        1;DIA ARGENTINA S A;2100002168483;30685849751;AV.MARTIJENA ESQ.REP.DE L;;46120;02;SALAS, ALBERTO FABIAN;-24,252355;-65,205414;210034;2168483;SUPER & HIPER;SUPERMERCADOS INDEPENDIENTE;;Jujuy;Argentina Norte
GROCERY SHOPPING;SUPERMERCADO;Sucursal Jujuy;098760;DIA %                        1;DIA ARGENTINA S A;2100002168539;30685849751;SAN MARTIN 310;;46080;02;BORTOT, RUBEN EVARISTO;-24,377531;-65,118992;210034;2168539;SUPER & HIPER;SUPERMERCADOS INDEPENDIENTE;;Jujuy;Argentina Norte
GROCERY SHOPPING;SUPERMERCADO;Sucursal Jujuy;098760;DIA %                        1;DIA ARGENTINA S A;2100002170081;30685849751;AV.INDEPENDENCIA 440-MONT;;46080;02;BORTOT, RUBEN EVARISTO;-24,443507;-65,16754;210034;2170081;SUPER & HIPER;SUPERMERCADOS INDEPENDIENTE;;Jujuy;Argentina Norte
GROCERY SHOPPING;SUPERMERCADO;Sucursal Jujuy;098760;DIA %                        1;DIA ARGENTINA S A;2100002170369;30685849751;ALTE.BROWN N.483;;46000;02;SALAS, ALBERTO FABIAN;-24,19443;-65,289622;210034;2170369;SUPER & HIPER;SUPERMERCADOS INDEPENDIENTE;;Jujuy;Argentina Norte
GROCERY SHOPPING;SUPERMERCADO;Sucursal Jujuy;098760;DIA %                        1;DIA ARGENTINA S A;2200002201124;30685849751;BELGRANO N° 520 EL CARMEN;;46080;02;BORTOT, RUBEN EVARISTO;-24,387766;-65,265021;210034;2201124;SUPER & HIPER;SUPERMERCADOS INDEPENDIENTE;;Jujuy;Argentina Norte
GROCERY SHOPPING;SUPERMERCADO;Sucursal La Rioja;001238;VEA                          1;CENCOSUD S A;6100006137689;30590360763;AV. LAPRIDA ESQ. ARTIGAS;;53000;06;GUIA, FABIAN MARCELO;-29,430518;-66,85385;610031;6137689;SUPER & HIPER;SUPERMERCADOS DE CADENA;;La Rioja;Argentina Sur
GROCERY SHOPPING;SUPERMERCADO;Sucursal La Rioja;001238;VEA                          1;CENCOSUD S A;6100006137690;30590360763;AV. ALEM N°678;;53000;06;GUIA, FABIAN MARCELO;-29,40178;-66,852188;610031;6137690;SUPER & HIPER;SUPERMERCADOS DE CADENA;;La Rioja;Argentina Sur
GROCERY SHOPPING;SUPERMERCADO;Sucursal La Rioja;004073;CARREFOUR                    1;INC SOCIEDAD ANONIMA;6100006125330;30687310434;25 DE MAYO 151;;53000;06;GUIA, FABIAN MARCELO;-29,411651;-66,856531;610036;6125330;SUPER & HIPER;SUPERMERCADOS DE CADENA;;La Rioja;Argentina Sur
GROCERY SHOPPING;SUPERMERCADO;Sucursal La Rioja;004947;WAL*MART                     1;DORINKA S.R.L.;6100006130130;30678138300;AV. O.DE OCAMPO Y PELLEGR;;53000;06;GUIA, FABIAN MARCELO;-29,427373;-66,8621;610038;6130130;SUPER & HIPER;SUPERMERCADOS DE CADENA;;La Rioja;Argentina Sur
GROCERY SHOPPING;SUPERMERCADO;Sucursal Ledesma;001238;VEA                          1;CENCOSUD S A                 ;2400002221116;30590360763;ENTRE RIOS 375 LEDESMA;;45120;02;VIDAL, MARCELO ALEJANDRO;0;0;240031;2221116;SUPER & HIPER;SUPERMERCADOS DE CADENA;;Jujuy;Argentina Norte
GROCERY SHOPPING;SUPERMERCADO;Sucursal Ledesma;007074;COMODIN;ALBERDI SOCIEDAD ANONIMA;2400002140228;30578411174;LIBERTAD Y ANTARTIDA-LEDE;;45120;02;VIDAL, MARCELO ALEJANDRO;0;0;240035;2140228;SUPER & HIPER;SUPERMERCADOS DE CADENA;;Jujuy;Argentina Norte
GROCERY SHOPPING;SUPERMERCADO;Sucursal Metán;098760;DIA %                        1;DIA ARGENTINA S A;1200001151608;30685849751;CAP.JOSE SIERRA SUC.8014;126;44400;01;ACEVEDO, HUGO GABRIEL;-25,499203;-64,970466;120034;1151608;SUPER & HIPER;SUPERMERCADOS INDEPENDIENTE;;Salta;Argentina Norte
GROCERY SHOPPING;SUPERMERCADO;Sucursal Metán;098760;DIA %                        1;DIA ARGENTINA S A;1200001171357;30685849751;SAN MARTIN;162;44400;01;ACEVEDO, HUGO GABRIEL;-25,802257;-64,976371;120034;1171357;SUPER & HIPER;SUPERMERCADOS INDEPENDIENTE;;Salta;Argentina Norte
GROCERY SHOPPING;SUPERMERCADO;Sucursal Orán;001238;VEA                          1;CENCOSUD S A                 ;2500002232470;30590360763;GUEMES ESQ.20 E FEBRERO O;;45300;02;ZALAZAR, ADOLFO EDUARDO;0;0;250031;2232470;SUPER & HIPER;SUPERMERCADOS DE CADENA;;Jujuy;Argentina Norte
GROCERY SHOPPING;SUPERMERCADO;Sucursal Orán;004947;WAL*MART                     1;DORINKA S.R.L.;2500002230223;30678138300;AV.PALACIOS Y PUEYRREDON;;45300;02;ZALAZAR, ADOLFO EDUARDO;0;0;250038;2230223;SUPER & HIPER;SUPERMERCADOS DE CADENA;;Jujuy;Argentina Norte
GROCERY SHOPPING;SUPERMERCADO;Sucursal Orán;007074;COMODIN;ALBERDI SOCIEDAD ANONIMA;2500002232400;30578411174;ARENALES ESQ.LAPRIDA B° P;;45300;02;ZALAZAR, ADOLFO EDUARDO;0;0;250035;2232400;SUPER & HIPER;SUPERMERCADOS INDEPENDIENTE;;Jujuy;Argentina Norte
GROCERY SHOPPING;SUPERMERCADO;Sucursal Posadas;004947;WAL*MART                     1;DORINKA S.R.L.;4000004026740;30678138300;T DE TACUARI;5198;33000;10;SERFATY GUSTAVO;-27,367335;-55,926588;970038;4026740;SUPER & HIPER;SUPERMERCADOS DE CADENA;;Misiones;Argentina Este
GROCERY SHOPPING;SUPERMERCADO;Sucursal Posadas;004947;WAL*MART                     1;DORINKA S.R.L.;4000004028233;30678138300;AV CABO DE HORNOS;4130;33000;10;SERFATY GUSTAVO;-27,42551;-55,933552;970038;4028233;SUPER & HIPER;SUPERMERCADOS DE CADENA;;Misiones;Argentina Este
GROCERY SHOPPING;SUPERMERCADO;Sucursal Resistencia;001238;VEA                          1;CENCOSUD S A                 ;2000002016171;30590360763;AV. ALBERDI;508;35000;08;FARIAS JUAN(SELF);-27,455088;-58,991063;810031;2016171;SUPER & HIPER;SUPERMERCADOS DE CADENA;;Chaco;Argentina Este
GROCERY SHOPPING;SUPERMERCADO;Sucursal Resistencia;001534;LIBERTAD;LIBERTAD S A;2000002018417;30612929455;AV. SABIN RTA AVELLANEDA;0;35000;08;FARIAS JUAN(SELF);-27,413483;-58,967977;810037;2018417;SUPER & HIPER;SUPERMERCADOS DE CADENA;;Chaco;Argentina Este
GROCERY SHOPPING;SUPERMERCADO;Sucursal Resistencia;004073;CARREFOUR                    1;INC SOCIEDAD ANONIMA;2000002012064;30687310434;AVDA.AVALOS;715;35000;08;FARIAS JUAN(SELF);-27,439181;-58,987545;810036;2012064;SUPER & HIPER;SUPERMERCADOS DE CADENA;;Chaco;Argentina Este
GROCERY SHOPPING;SUPERMERCADO;Sucursal Resistencia;004073;CARREFOUR                    1;INC SOCIEDAD ANONIMA;2000002019813;30687310434;AV. ESTADO DE ISRAEL;700;35000;08;FARIAS JUAN(SELF);-27,437536;-59,014332;810036;2019813;SUPER & HIPER;SUPERMERCADOS DE CADENA;;Chaco;Argentina Este
GROCERY SHOPPING;SUPERMERCADO;Sucursal Sáenz Peña;004947;WAL*MART                     1;DORINKA S.R.L.;8200002014118;30678138300;J.MANUEL DE ROSAS;3499;37000;08;MARCELO ALVAREZ;0;0;820038;2014118;SUPER & HIPER;SUPERMERCADOS DE CADENA;;Chaco;Argentina Este
GROCERY SHOPPING;SUPERMERCADO;Sucursal San Pedro;004947;WAL*MART                     1;DORINKA S.R.L.;2300002211213;30678138300;AV 9 DE JULIO -SAN GABRIE;;45000;02;GONZALEZ, OSCAR RAUL;0;0;230038;2211213;SUPER & HIPER;SUPERMERCADOS DE CADENA;;Jujuy;Argentina Norte
GROCERY SHOPPING;SUPERMERCADO;Sucursal San Pedro;007074;COMODIN;ALBERDI SOCIEDAD ANONIMA;2300002135338;30578411174;ALBERDI 52;;45000;02;GONZALEZ, OSCAR RAUL;0;0;230035;2135338;SUPER & HIPER;SUPERMERCADOS DE CADENA;;Jujuy;Argentina Norte
GROCERY SHOPPING;SUPERMERCADO;Sucursal San Pedro;007074;COMODIN;ALBERDI SOCIEDAD ANONIMA;2300002210458;30578411174;MITRE 436;;45000;02;GONZALEZ, OSCAR RAUL;0;0;230035;2210458;SUPER & HIPER;SUPERMERCADOS DE CADENA;;Jujuy;Argentina Norte
GROCERY SHOPPING;SUPERMERCADO;Sucursal Tartagal;004947;WAL*MART                     1;DORINKA S.R.L.;2600002156444;30678138300;RUTA 34 ENTRE PARAGUAY Y;;45600;02;SORUCO, SERGIO EDUARDO;0;0;260038;2156444;SUPER & HIPER;SUPERMERCADOS DE CADENA;;Jujuy;Argentina Norte
